{"columns":["p"],"data":[{"row":[[{"name":"Darjeeling"},{"distance":15,"name":"Darjeeling-Rimbik","winter":"true","summer":"true"},{"name":"Rimbik"},{"distance":18,"name":"Rimbik-BhikeBhanja","winter":"true","summer":"true"},{"name":"BhikeBhanja"},{"distance":4,"name":"BhikeBhanja-Sandakphu","winter":"true","summer":"true"},{"altitude":"12400 ft","name":"Sandakphu"}]],"graph":{"nodes":[{"id":"0","labels":["town"],"properties":{"name":"Rimbik"}},{"id":"1","labels":["town"],"properties":{"name":"Darjeeling"}},{"id":"2","labels":["village"],"properties":{"name":"BhikeBhanja"}},{"id":"3","labels":["peak"],"properties":{"altitude":"12400 ft","name":"Sandakphu"}}],"relationships":[{"id":"2","type":"trek","startNode":"1","endNode":"0","properties":{"distance":15,"name":"Darjeeling-Rimbik","winter":"true","summer":"true"}},{"id":"3","type":"trek","startNode":"0","endNode":"2","properties":{"distance":18,"name":"Rimbik-BhikeBhanja","winter":"true","summer":"true"}},{"id":"4","type":"trek","startNode":"2","endNode":"3","properties":{"distance":4,"name":"BhikeBhanja-Sandakphu","winter":"true","summer":"true"}}]}},{"row":[[{"name":"Darjeeling"},{"distance":15,"name":"Darjeeling-Rimbik","winter":"true","summer":"true"},{"name":"Rimbik"},{"distance":18,"name":"Rimbik-BhikeBhanja","winter":"true","summer":"true"},{"name":"BhikeBhanja"},{"distance":4,"name":"BhikeBhanja-Sandakphu","winter":"true","summer":"true"},{"altitude":"12400 ft","name":"Sandakphu"}]],"graph":{"nodes":[{"id":"0","labels":["town"],"properties":{"name":"Rimbik"}},{"id":"1","labels":["town"],"properties":{"name":"Darjeeling"}},{"id":"2","labels":["village"],"properties":{"name":"BhikeBhanja"}},{"id":"3","labels":["peak"],"properties":{"altitude":"12400 ft","name":"Sandakphu"}}],"relationships":[{"id":"1","type":"road","startNode":"1","endNode":"0","properties":{"distance":15,"name":"Darjeeling-Rimbik","winter":"true","summer":"true"}},{"id":"3","type":"trek","startNode":"0","endNode":"2","properties":{"distance":18,"name":"Rimbik-BhikeBhanja","winter":"true","summer":"true"}},{"id":"4","type":"trek","startNode":"2","endNode":"3","properties":{"distance":4,"name":"BhikeBhanja-Sandakphu","winter":"true","summer":"true"}}]}},{"row":[[{"name":"Darjeeling"},{"distance":15,"name":"Darjeeling-Rimbik","winter":"true","summer":"true"},{"name":"Rimbik"},{"distance":18,"name":"Rimbik-BhikeBhanja","winter":"true","summer":"true"},{"name":"BhikeBhanja"},{"distance":4,"name":"BhikeBhanja-Sandakphu","winter":"true","summer":"true"},{"altitude":"12400 ft","name":"Sandakphu"}]],"graph":{"nodes":[{"id":"0","labels":["town"],"properties":{"name":"Rimbik"}},{"id":"1","labels":["town"],"properties":{"name":"Darjeeling"}},{"id":"2","labels":["village"],"properties":{"name":"BhikeBhanja"}},{"id":"3","labels":["peak"],"properties":{"altitude":"12400 ft","name":"Sandakphu"}}],"relationships":[{"id":"0","type":"PublicTransport","startNode":"1","endNode":"0","properties":{"distance":15,"name":"Darjeeling-Rimbik","winter":"true","summer":"true"}},{"id":"3","type":"trek","startNode":"0","endNode":"2","properties":{"distance":18,"name":"Rimbik-BhikeBhanja","winter":"true","summer":"true"}},{"id":"4","type":"trek","startNode":"2","endNode":"3","properties":{"distance":4,"name":"BhikeBhanja-Sandakphu","winter":"true","summer":"true"}}]}}],"stats":{"contains_updates":false,"nodes_created":0,"nodes_deleted":0,"properties_set":0,"relationships_created":0,"relationship_deleted":0,"labels_added":0,"labels_removed":0,"indexes_added":0,"indexes_removed":0,"constraints_added":0,"constraints_removed":0}}