{"columns":["port.name","flights"],"data":[{"row":["ORD",48],"graph":{"nodes":[],"relationships":[]}},{"row":["DTW",25],"graph":{"nodes":[],"relationships":[]}},{"row":["IAH",23],"graph":{"nodes":[],"relationships":[]}},{"row":["LAX",22],"graph":{"nodes":[],"relationships":[]}},{"row":["DEN",18],"graph":{"nodes":[],"relationships":[]}},{"row":["SFO",14],"graph":{"nodes":[],"relationships":[]}},{"row":["AZO",13],"graph":{"nodes":[],"relationships":[]}},{"row":["BNA",12],"graph":{"nodes":[],"relationships":[]}},{"row":["IAD",12],"graph":{"nodes":[],"relationships":[]}},{"row":["MSP",9],"graph":{"nodes":[],"relationships":[]}},{"row":["MOT",8],"graph":{"nodes":[],"relationships":[]}},{"row":["EWR",7],"graph":{"nodes":[],"relationships":[]}},{"row":["FSD",5],"graph":{"nodes":[],"relationships":[]}},{"row":["SLC",5],"graph":{"nodes":[],"relationships":[]}},{"row":["HNL",5],"graph":{"nodes":[],"relationships":[]}},{"row":["DLH",4],"graph":{"nodes":[],"relationships":[]}},{"row":["DFW",4],"graph":{"nodes":[],"relationships":[]}},{"row":["BHM",4],"graph":{"nodes":[],"relationships":[]}},{"row":["FAT",4],"graph":{"nodes":[],"relationships":[]}},{"row":["PDX",4],"graph":{"nodes":[],"relationships":[]}},{"row":["ABQ",4],"graph":{"nodes":[],"relationships":[]}},{"row":["MCO",4],"graph":{"nodes":[],"relationships":[]}},{"row":["SAN",4],"graph":{"nodes":[],"relationships":[]}},{"row":["CVG",4],"graph":{"nodes":[],"relationships":[]}},{"row":["BOS",4],"graph":{"nodes":[],"relationships":[]}},{"row":["SBN",3],"graph":{"nodes":[],"relationships":[]}},{"row":["SEA",3],"graph":{"nodes":[],"relationships":[]}},{"row":["PHX",3],"graph":{"nodes":[],"relationships":[]}},{"row":["SJC",2],"graph":{"nodes":[],"relationships":[]}},{"row":["SNA",2],"graph":{"nodes":[],"relationships":[]}},{"row":["LGA",2],"graph":{"nodes":[],"relationships":[]}},{"row":["TUS",2],"graph":{"nodes":[],"relationships":[]}},{"row":["LAS",2],"graph":{"nodes":[],"relationships":[]}},{"row":["ATL",2],"graph":{"nodes":[],"relationships":[]}},{"row":["CMH",2],"graph":{"nodes":[],"relationships":[]}},{"row":["SMF",1],"graph":{"nodes":[],"relationships":[]}},{"row":["PBI",1],"graph":{"nodes":[],"relationships":[]}},{"row":["CLT",1],"graph":{"nodes":[],"relationships":[]}},{"row":["BIL",1],"graph":{"nodes":[],"relationships":[]}},{"row":["MIA",1],"graph":{"nodes":[],"relationships":[]}},{"row":["MSN",1],"graph":{"nodes":[],"relationships":[]}},{"row":["DCA",1],"graph":{"nodes":[],"relationships":[]}},{"row":["ROC",1],"graph":{"nodes":[],"relationships":[]}},{"row":["MOB",1],"graph":{"nodes":[],"relationships":[]}},{"row":["SAT",1],"graph":{"nodes":[],"relationships":[]}},{"row":["IND",1],"graph":{"nodes":[],"relationships":[]}},{"row":["MCI",1],"graph":{"nodes":[],"relationships":[]}},{"row":["KOA",1],"graph":{"nodes":[],"relationships":[]}},{"row":["FLL",1],"graph":{"nodes":[],"relationships":[]}},{"row":["RIC",1],"graph":{"nodes":[],"relationships":[]}}],"stats":{"contains_updates":false,"nodes_created":0,"nodes_deleted":0,"properties_set":0,"relationships_created":0,"relationship_deleted":0,"labels_added":0,"labels_removed":0,"indexes_added":0,"indexes_removed":0,"constraints_added":0,"constraints_removed":0}}