{"columns":["actor.name","number"],"data":[{"row":["Bill Paxton",3],"graph":{"nodes":[],"relationships":[]}},{"row":["Takeshi Kitano",1],"graph":{"nodes":[],"relationships":[]}},{"row":["Carrie Fisher",1],"graph":{"nodes":[],"relationships":[]}},{"row":["Geena Davis",1],"graph":{"nodes":[],"relationships":[]}},{"row":["Diane Keaton",1],"graph":{"nodes":[],"relationships":[]}},{"row":["John Hurt",1],"graph":{"nodes":[],"relationships":[]}},{"row":["Kevin Pollak",1],"graph":{"nodes":[],"relationships":[]}},{"row":["Michael Clarke Duncan",1],"graph":{"nodes":[],"relationships":[]}},{"row":["Emile Hirsch",1],"graph":{"nodes":[],"relationships":[]}},{"row":["Rosie O'Donnell",2],"graph":{"nodes":[],"relationships":[]}},{"row":["Liv Tyler",1],"graph":{"nodes":[],"relationships":[]}},{"row":["Werner Herzog",1],"graph":{"nodes":[],"relationships":[]}},{"row":["John Cusack",1],"graph":{"nodes":[],"relationships":[]}},{"row":["Parker Posey",1],"graph":{"nodes":[],"relationships":[]}},{"row":["Jay Mohr",1],"graph":{"nodes":[],"relationships":[]}},{"row":["Anthony Edwards",1],"graph":{"nodes":[],"relationships":[]}},{"row":["Audrey Tautou",1],"graph":{"nodes":[],"relationships":[]}},{"row":["Oliver Platt",2],"graph":{"nodes":[],"relationships":[]}},{"row":["Helen Hunt",3],"graph":{"nodes":[],"relationships":[]}},{"row":["Gary Sinise",2],"graph":{"nodes":[],"relationships":[]}},{"row":["Jonathan Lipnicki",1],"graph":{"nodes":[],"relationships":[]}},{"row":["Jack Nicholson",5],"graph":{"nodes":[],"relationships":[]}},{"row":["Emil Eifrem",1],"graph":{"nodes":[],"relationships":[]}},{"row":["Christopher Guest",1],"graph":{"nodes":[],"relationships":[]}},{"row":["Matthew Fox",1],"graph":{"nodes":[],"relationships":[]}},{"row":["Nathan Lane",2],"graph":{"nodes":[],"relationships":[]}},{"row":["Gene Hackman",3],"graph":{"nodes":[],"relationships":[]}},{"row":["Tom Hanks",12],"graph":{"nodes":[],"relationships":[]}},{"row":["Richard Harris",1],"graph":{"nodes":[],"relationships":[]}},{"row":["Jim Broadbent",1],"graph":{"nodes":[],"relationships":[]}},{"row":["Rita Wilson",1],"graph":{"nodes":[],"relationships":[]}},{"row":["Renee Zellweger",1],"graph":{"nodes":[],"relationships":[]}},{"row":["River Phoenix",1],"graph":{"nodes":[],"relationships":[]}},{"row":["Kiefer Sutherland",2],"graph":{"nodes":[],"relationships":[]}},{"row":["Carrie-Anne Moss",3],"graph":{"nodes":[],"relationships":[]}},{"row":["James Cromwell",2],"graph":{"nodes":[],"relationships":[]}},{"row":["Danny DeVito",2],"graph":{"nodes":[],"relationships":[]}},{"row":["Susan Sarandon",1],"graph":{"nodes":[],"relationships":[]}},{"row":["Halle Berry",1],"graph":{"nodes":[],"relationships":[]}},{"row":["Sam Rockwell",2],"graph":{"nodes":[],"relationships":[]}},{"row":["Julia Roberts",1],"graph":{"nodes":[],"relationships":[]}},{"row":["Madonna",1],"graph":{"nodes":[],"relationships":[]}},{"row":["Stephen Rea",1],"graph":{"nodes":[],"relationships":[]}},{"row":["Rain",2],"graph":{"nodes":[],"relationships":[]}},{"row":["Billy Crystal",1],"graph":{"nodes":[],"relationships":[]}},{"row":["Rick Yune",2],"graph":{"nodes":[],"relationships":[]}},{"row":["Ed Harris",1],"graph":{"nodes":[],"relationships":[]}},{"row":["Max von Sydow",2],"graph":{"nodes":[],"relationships":[]}},{"row":["Zach Grenier",2],"graph":{"nodes":[],"relationships":[]}},{"row":["Michael Sheen",1],"graph":{"nodes":[],"relationships":[]}},{"row":["Wil Wheaton",1],"graph":{"nodes":[],"relationships":[]}},{"row":["Jerry O'Connell",2],"graph":{"nodes":[],"relationships":[]}},{"row":["Al Pacino",1],"graph":{"nodes":[],"relationships":[]}},{"row":["Hugo Weaving",5],"graph":{"nodes":[],"relationships":[]}},{"row":["Philip Seymour Hoffman",2],"graph":{"nodes":[],"relationships":[]}},{"row":["Cuba Gooding Jr.",4],"graph":{"nodes":[],"relationships":[]}},{"row":["Val Kilmer",1],"graph":{"nodes":[],"relationships":[]}},{"row":["Victor Garber",1],"graph":{"nodes":[],"relationships":[]}},{"row":["Ice-T",1],"graph":{"nodes":[],"relationships":[]}},{"row":["Ian McKellen",1],"graph":{"nodes":[],"relationships":[]}},{"row":["Tom Cruise",3],"graph":{"nodes":[],"relationships":[]}},{"row":["Brooke Langton",1],"graph":{"nodes":[],"relationships":[]}},{"row":["Steve Zahn",2],"graph":{"nodes":[],"relationships":[]}},{"row":["Regina King",1],"graph":{"nodes":[],"relationships":[]}},{"row":["James Marshall",1],"graph":{"nodes":[],"relationships":[]}},{"row":["Meg Ryan",5],"graph":{"nodes":[],"relationships":[]}},{"row":["Keanu Reeves",7],"graph":{"nodes":[],"relationships":[]}},{"row":["Kevin Bacon",3],"graph":{"nodes":[],"relationships":[]}},{"row":["Aaron Sorkin",1],"graph":{"nodes":[],"relationships":[]}},{"row":["Naomie Harris",1],"graph":{"nodes":[],"relationships":[]}},{"row":["Frank Langella",1],"graph":{"nodes":[],"relationships":[]}},{"row":["Ben Miles",3],"graph":{"nodes":[],"relationships":[]}},{"row":["Lori Petty",1],"graph":{"nodes":[],"relationships":[]}},{"row":["Robin Williams",3],"graph":{"nodes":[],"relationships":[]}},{"row":["David Morse",1],"graph":{"nodes":[],"relationships":[]}},{"row":["Paul Bettany",1],"graph":{"nodes":[],"relationships":[]}},{"row":["John Goodman",1],"graph":{"nodes":[],"relationships":[]}},{"row":["Dave Chappelle",1],"graph":{"nodes":[],"relationships":[]}},{"row":["Ethan Hawke",1],"graph":{"nodes":[],"relationships":[]}},{"row":["Orlando Jones",1],"graph":{"nodes":[],"relationships":[]}},{"row":["Clint Eastwood",1],"graph":{"nodes":[],"relationships":[]}},{"row":["Greg Kinnear",2],"graph":{"nodes":[],"relationships":[]}},{"row":["Christina Ricci",1],"graph":{"nodes":[],"relationships":[]}},{"row":["Patricia Clarkson",1],"graph":{"nodes":[],"relationships":[]}},{"row":["Natalie Portman",1],"graph":{"nodes":[],"relationships":[]}},{"row":["Demi Moore",1],"graph":{"nodes":[],"relationships":[]}},{"row":["Annabella Sciorra",1],"graph":{"nodes":[],"relationships":[]}},{"row":["Corey Feldman",1],"graph":{"nodes":[],"relationships":[]}},{"row":["Noah Wyle",1],"graph":{"nodes":[],"relationships":[]}},{"row":["Charlize Theron",2],"graph":{"nodes":[],"relationships":[]}},{"row":["Laurence Fishburne",3],"graph":{"nodes":[],"relationships":[]}},{"row":["Bruno Kirby",1],"graph":{"nodes":[],"relationships":[]}},{"row":["Christian Bale",1],"graph":{"nodes":[],"relationships":[]}},{"row":["Dina Meyer",1],"graph":{"nodes":[],"relationships":[]}},{"row":["Bill Pullman",1],"graph":{"nodes":[],"relationships":[]}},{"row":["Kelly McGillis",1],"graph":{"nodes":[],"relationships":[]}},{"row":["Kelly Preston",1],"graph":{"nodes":[],"relationships":[]}},{"row":["Bonnie Hunt",2],"graph":{"nodes":[],"relationships":[]}},{"row":["Marshall Bell",2],"graph":{"nodes":[],"relationships":[]}},{"row":["J.T. Walsh",2],"graph":{"nodes":[],"relationships":[]}},{"row":["Tom Skerritt",1],"graph":{"nodes":[],"relationships":[]}},{"row":["John C. Reilly",1],"graph":{"nodes":[],"relationships":[]}}],"stats":{"contains_updates":false,"nodes_created":0,"nodes_deleted":0,"properties_set":0,"relationships_created":0,"relationship_deleted":0,"labels_added":0,"labels_removed":0,"indexes_added":0,"indexes_removed":0,"constraints_added":0,"constraints_removed":0}}