{"columns":["hugoMovies"],"data":[{"row":[{"tagline":"Freedom! Forever!","title":"V for Vendetta","released":2006}],"graph":{"nodes":[{"id":"116","labels":["Movie"],"properties":{"tagline":"Freedom! Forever!","title":"V for Vendetta","released":2006}}],"relationships":[]}},{"row":[{"tagline":"Everything is connected","title":"Cloud Atlas","released":2012}],"graph":{"nodes":[{"id":"105","labels":["Movie"],"properties":{"tagline":"Everything is connected","title":"Cloud Atlas","released":2012}}],"relationships":[]}},{"row":[{"tagline":"Everything that has a beginning has an end","title":"The Matrix Revolutions","released":2003}],"graph":{"nodes":[{"id":"10","labels":["Movie"],"properties":{"tagline":"Everything that has a beginning has an end","title":"The Matrix Revolutions","released":2003}}],"relationships":[]}},{"row":[{"tagline":"Free your mind","title":"The Matrix Reloaded","released":2003}],"graph":{"nodes":[{"id":"9","labels":["Movie"],"properties":{"tagline":"Free your mind","title":"The Matrix Reloaded","released":2003}}],"relationships":[]}},{"row":[{"tagline":"Welcome to the Real World","title":"The Matrix","released":1999}],"graph":{"nodes":[{"id":"0","labels":["Movie"],"properties":{"tagline":"Welcome to the Real World","title":"The Matrix","released":1999}}],"relationships":[]}}],"stats":{"contains_updates":false,"nodes_created":0,"nodes_deleted":0,"properties_set":0,"relationships_created":0,"relationship_deleted":0,"labels_added":0,"labels_removed":0,"indexes_added":0,"indexes_removed":0,"constraints_added":0,"constraints_removed":0}}