{"columns":["d"],"data":[{"row":[{"born":1967,"name":"James Marshall"}],"graph":{"nodes":[{"id":"25","labels":["Person"],"properties":{"born":1967,"name":"James Marshall"}}],"relationships":[]}},{"row":[{"born":1967,"name":"Andy Wachowski"}],"graph":{"nodes":[{"id":"5","labels":["Person"],"properties":{"born":1967,"name":"Andy Wachowski"}}],"relationships":[]}},{"row":[{"born":1965,"name":"Lana Wachowski"}],"graph":{"nodes":[{"id":"6","labels":["Person"],"properties":{"born":1965,"name":"Lana Wachowski"}}],"relationships":[]}},{"row":[{"born":1965,"name":"Tom Tykwer"}],"graph":{"nodes":[{"id":"108","labels":["Person"],"properties":{"born":1965,"name":"Tom Tykwer"}}],"relationships":[]}},{"row":[{"born":1965,"name":"Lana Wachowski"}],"graph":{"nodes":[{"id":"6","labels":["Person"],"properties":{"born":1965,"name":"Lana Wachowski"}}],"relationships":[]}},{"row":[{"born":1967,"name":"Andy Wachowski"}],"graph":{"nodes":[{"id":"5","labels":["Person"],"properties":{"born":1967,"name":"Andy Wachowski"}}],"relationships":[]}},{"row":[{"born":1965,"name":"Lana Wachowski"}],"graph":{"nodes":[{"id":"6","labels":["Person"],"properties":{"born":1965,"name":"Lana Wachowski"}}],"relationships":[]}},{"row":[{"born":1967,"name":"Andy Wachowski"}],"graph":{"nodes":[{"id":"5","labels":["Person"],"properties":{"born":1967,"name":"Andy Wachowski"}}],"relationships":[]}},{"row":[{"born":1965,"name":"Lana Wachowski"}],"graph":{"nodes":[{"id":"6","labels":["Person"],"properties":{"born":1965,"name":"Lana Wachowski"}}],"relationships":[]}},{"row":[{"born":1967,"name":"Andy Wachowski"}],"graph":{"nodes":[{"id":"5","labels":["Person"],"properties":{"born":1967,"name":"Andy Wachowski"}}],"relationships":[]}}],"stats":{"contains_updates":false,"nodes_created":0,"nodes_deleted":0,"properties_set":0,"relationships_created":0,"relationship_deleted":0,"labels_added":0,"labels_removed":0,"indexes_added":0,"indexes_removed":0,"constraints_added":0,"constraints_removed":0}}