{"columns":["m.title"],"data":[{"row":["The Matrix Revolutions"],"graph":{"nodes":[],"relationships":[]}},{"row":["The Matrix Reloaded"],"graph":{"nodes":[],"relationships":[]}},{"row":["The Matrix"],"graph":{"nodes":[],"relationships":[]}}],"stats":{"contains_updates":false,"nodes_created":0,"nodes_deleted":0,"properties_set":0,"relationships_created":0,"relationship_deleted":0,"labels_added":0,"labels_removed":0,"indexes_added":0,"indexes_removed":0,"constraints_added":0,"constraints_removed":0}}