{"columns":["coActors.name"],"data":[{"row":["Ben Miles"],"graph":{"nodes":[],"relationships":[]}},{"row":["John Hurt"],"graph":{"nodes":[],"relationships":[]}},{"row":["Stephen Rea"],"graph":{"nodes":[],"relationships":[]}},{"row":["Natalie Portman"],"graph":{"nodes":[],"relationships":[]}},{"row":["Jim Broadbent"],"graph":{"nodes":[],"relationships":[]}},{"row":["Halle Berry"],"graph":{"nodes":[],"relationships":[]}},{"row":["Tom Hanks"],"graph":{"nodes":[],"relationships":[]}},{"row":["Carrie-Anne Moss"],"graph":{"nodes":[],"relationships":[]}},{"row":["Laurence Fishburne"],"graph":{"nodes":[],"relationships":[]}},{"row":["Keanu Reeves"],"graph":{"nodes":[],"relationships":[]}},{"row":["Laurence Fishburne"],"graph":{"nodes":[],"relationships":[]}},{"row":["Carrie-Anne Moss"],"graph":{"nodes":[],"relationships":[]}},{"row":["Keanu Reeves"],"graph":{"nodes":[],"relationships":[]}},{"row":["Emil Eifrem"],"graph":{"nodes":[],"relationships":[]}},{"row":["Laurence Fishburne"],"graph":{"nodes":[],"relationships":[]}},{"row":["Carrie-Anne Moss"],"graph":{"nodes":[],"relationships":[]}},{"row":["Keanu Reeves"],"graph":{"nodes":[],"relationships":[]}}],"stats":{"contains_updates":false,"nodes_created":0,"nodes_deleted":0,"properties_set":0,"relationships_created":0,"relationship_deleted":0,"labels_added":0,"labels_removed":0,"indexes_added":0,"indexes_removed":0,"constraints_added":0,"constraints_removed":0}}