{"columns":["Captain","r","m"],"data":[{"row":[{"title":"Captain America: The First Avenger"},{},{"name":"Christopher Markus"}],"graph":{"nodes":[{"id":"1069","labels":["Movie"],"properties":{"title":"Captain America: The First Avenger"}},{"id":"1071","labels":["Person"],"properties":{"name":"Christopher Markus"}}],"relationships":[{"id":"1543","type":"WROTE","startNode":"1071","endNode":"1069","properties":{}}]}},{"row":[{"title":"Captain America: The First Avenger"},{},{"name":"Joe Johnston"}],"graph":{"nodes":[{"id":"1069","labels":["Movie"],"properties":{"title":"Captain America: The First Avenger"}},{"id":"1070","labels":["Person"],"properties":{"name":"Joe Johnston"}}],"relationships":[{"id":"1542","type":"DIRECTED","startNode":"1070","endNode":"1069","properties":{}}]}},{"row":[{"title":"Captain America: The First Avenger"},{},{"born":1960,"name":"Hugo Weaving"}],"graph":{"nodes":[{"id":"902","labels":["Person"],"properties":{"born":1960,"name":"Hugo Weaving"}},{"id":"1069","labels":["Movie"],"properties":{"title":"Captain America: The First Avenger"}}],"relationships":[{"id":"1547","type":"ACTED_IN","startNode":"902","endNode":"1069","properties":{}}]}},{"row":[{"title":"Captain America: The First Avenger"},{},{"name":"Samuel L. Jackson"}],"graph":{"nodes":[{"id":"1074","labels":["Person"],"properties":{"name":"Samuel L. Jackson"}},{"id":"1069","labels":["Movie"],"properties":{"title":"Captain America: The First Avenger"}}],"relationships":[{"id":"1546","type":"ACTED_IN","startNode":"1074","endNode":"1069","properties":{}}]}},{"row":[{"title":"Captain America: The First Avenger"},{},{"name":"Chris Evans"}],"graph":{"nodes":[{"id":"1073","labels":["Person"],"properties":{"name":"Chris Evans"}},{"id":"1069","labels":["Movie"],"properties":{"title":"Captain America: The First Avenger"}}],"relationships":[{"id":"1545","type":"ACTED_IN","startNode":"1073","endNode":"1069","properties":{}}]}},{"row":[{"title":"Captain America: The First Avenger"},{},{"name":"Stephen McFeely"}],"graph":{"nodes":[{"id":"1072","labels":["Person"],"properties":{"name":"Stephen McFeely"}},{"id":"1069","labels":["Movie"],"properties":{"title":"Captain America: The First Avenger"}}],"relationships":[{"id":"1544","type":"WROTE","startNode":"1072","endNode":"1069","properties":{}}]}}],"stats":{"contains_updates":false,"nodes_created":0,"nodes_deleted":0,"properties_set":0,"relationships_created":0,"relationship_deleted":0,"labels_added":0,"labels_removed":0,"indexes_added":0,"indexes_removed":0,"constraints_added":0,"constraints_removed":0}}